<beans xmlns="http://www.springframework.org/schema/beans"
	xmlns:xsi="http://www.w3.org/2001/XMLSchema-instance" xmlns:p="http://www.springframework.org/schema/p"
	xmlns:aop="http://www.springframework.org/schema/aop" xmlns:context="http://www.springframework.org/schema/context"
	xmlns:jee="http://www.springframework.org/schema/jee" xmlns:tx="http://www.springframework.org/schema/tx"
	xmlns:task="http://www.springframework.org/schema/task" xmlns:jdbc="http://www.springframework.org/schema/jdbc"
	xsi:schemaLocation="http://www.springframework.org/schema/aop 
	http://www.springframework.org/schema/aop/spring-aop-3.2.xsd 
	http://www.springframework.org/schema/beans 
	http://www.springframework.org/schema/beans/spring-beans-3.2.xsd 
	http://www.springframework.org/schema/context 
	http://www.springframework.org/schema/context/spring-context-3.2.xsd 
	http://www.springframework.org/schema/jee 
	http://www.springframework.org/schema/jee/spring-jee-3.2.xsd 
	http://www.springframework.org/schema/tx 
	http://www.springframework.org/schema/tx/spring-tx-3.2.xsd 
	http://www.springframework.org/schema/task 
	http://www.springframework.org/schema/task/spring-task-3.2.xsd
	http://www.springframework.org/schema/jdbc
    http://www.springframework.org/schema/jdbc/spring-jdbc-3.0.xsd">

	<context:annotation-config />
	<context:component-scan base-package="com.cs.instruments, com.cs.instruments.model" />
	<context:property-placeholder location="classpath:Application.properties" />

	<bean id="instrumentPriceModifierManagerImpl" class="com.cs.instruments.InstrumentPriceModifierManagerImpl"></bean>

	<bean id="dataSource"
		class="org.springframework.jdbc.datasource.SimpleDriverDataSource">
		<property name="driverClass" value="org.h2.Driver" />
		<property name="url"
			value="jdbc:h2:mem:test;DB_CLOSE_DELAY=-1;DB_CLOSE_ON_EXIT=TRUE" />
		<property name="username" value="sa" />
		<property name="password" value="" />
	</bean>

	<jdbc:initialize-database data-source="dataSource"
		ignore-failures="DROPS">
		<jdbc:script location="classpath:db/create-db.sql" />
		<jdbc:script location="classpath:db/insert-data.sql" />
	</jdbc:initialize-database>
<!--
	<bean id="transactionManager"
		class="org.springframework.jdbc.datasource.DataSourceTransactionManager">
		<property name="dataSource" ref="dataSource" />
		<property name="entityManagerFactory" ref="entityManagerFactory" />
	</bean>
-->
	<bean id="transactionManager" class="org.springframework.orm.jpa.JpaTransactionManager">
		<property name="entityManagerFactory" ref="entityManagerFactory" />
	</bean>
	<!-- <bean class="org.springframework.orm.jpa.JpaTransactionManager"> <property 
		name="entityManagerFactory" ref="entityManagerFactory" /> </bean> -->
	<bean
		class="org.springframework.orm.jpa.LocalContainerEntityManagerFactoryBean"
		id="entityManagerFactory">
		<property name="persistenceUnitName" value="InstrumentsPersistance" />
		<property name="dataSource" ref="dataSource" />
	</bean>

	<tx:annotation-driven />


</beans>



